Category,Skills,Created_at,Updated_at,end_at,challenge_id
Java Development,"['web development', 'software development', 'project management', 'website development', 'solution development', 'design', 'prototyping']",10/16/2024,12/7/2024,12/23/2024,1
Accounting and Finance,"['organizational', 'data management', 'data analysis', 'data processing', 'insights', 'consulting', 'data collection']",4/25/2023,5/10/2023,6/22/2023,2
Sales & Digital Marketing,"['digital marketing', 'content marketing', 'social media marketing', 'e-commerce', 'website development', 'customer service', 'web analytics']",1/26/2023,3/28/2023,4/8/2023,3
Social Entrepreneurship,"['innovation', 'social media marketing', 'organizational', 'digital marketing', 'e-commerce', 'collaboration', 'content marketing']",10/9/2023,11/17/2023,11/28/2023,4
Videography & Photography,"['graphic design', 'content marketing', 'presentation', 'reporting', 'attention to detail', 'reporting tools', 'data analytics']",9/8/2023,11/30/2023,12/4/2023,5
English Curriculum Writing,"['documentation', 'training', 'web development', 'programming', 'prototyping', 'desk', 'presentation']",8/17/2023,8/28/2023,10/8/2023,6
Search Engine Optimization (SEO),"['content marketing', 'web analytics', 'social media marketing', 'website development', 'data mining', 'e-commerce', 'digital marketing']",5/23/2023,6/16/2023,7/2/2023,7
Digital Dreamweaver: Internship Odyssey In Graphic Design,"['graphic design', 'design', 'designer', 'design patterns', 'web development', 'project manager', 'project management']",4/15/2023,5/9/2023,7/6/2023,8
Graphic Design,"['graphic design', 'design', 'design patterns', 'designer', 'modeling', 'engineering', 'web development']",11/23/2024,12/15/2024,12/25/2024,9
Campus Ambassador,"['project manager', 'leadership', 'mentoring', 'presentation', 'coaching', 'training', 'project management']",7/12/2024,7/14/2024,10/2/2024,10
Customer Support Management,"['customer service', 'data management', 'project manager', 'content marketing', 'tech support', 'web services', 'consulting']",3/31/2023,5/14/2023,5/23/2023,11
Bilingual Content Writing,"['documentation', 'communication', 'coding', 'content marketing', 'website development', 'web development', 'postfix']",8/27/2024,10/4/2024,10/25/2024,12
Office Operations,"['organizational', 'desk', 'data management', 'implementation', 'project management', 'project manager', 'time management']",3/8/2024,4/5/2024,4/8/2024,13
Design,"['design', 'design patterns', 'graphic design', 'designer', 'engineering', 'modeling', 'technical']",2/2/2023,3/7/2023,3/24/2023,14
Copywriting,"['assembly', 'documentation', 'collaboration', 'reporting tools', 'coding', 'implementation', 'backend']",1/31/2023,2/22/2023,3/13/2023,15
Social Media And Influencer Marketing,"['social media marketing', 'content marketing', 'digital marketing', 'customer service', 'website development', 'e-commerce', 'web analytics']",4/6/2023,5/25/2023,6/18/2023,16
Customer Success,"['customer service', 'content marketing', 'digital marketing', 'e-commerce', 'data management', 'social media marketing', 'web services']",8/12/2023,9/23/2023,10/7/2023,17
Instagram/TikTok Reel Creation,"['graphic design', 'design', 'modeling', 'social media marketing', 'prototyping', 'design patterns', 'multitasking']",8/27/2023,9/12/2023,10/23/2023,18
Corporate Sales,"['digital marketing', 'content marketing', 'organizational', 'social media marketing', 'e-commerce', 'customer service', 'reporting']",6/1/2024,6/4/2024,7/15/2024,19
Affiliate Marketing,"['content marketing', 'social media marketing', 'digital marketing', 'e-commerce', 'customer service', 'website development', 'telecom']",9/8/2024,10/29/2024,11/13/2024,20
Product Management,"['data management', 'project management', 'organizational', 'content marketing', 'digital marketing', 'project manager', 'customer service']",1/28/2023,2/18/2023,3/5/2023,21
Influencer Marketing,"['content marketing', 'digital marketing', 'social media marketing', 'customer service', 'e-commerce', 'analytics', 'designer']",7/28/2024,8/15/2024,9/4/2024,22
Media And Public Relations (PR),"['social media marketing', 'content marketing', 'digital marketing', 'presentation', 'reporting', 'communication technologies', 'communication']",7/23/2023,8/17/2023,8/25/2023,23
Law/Legal,"['documentation', 'implementation', 'communication', 'certifications', 'content marketing', 'scrum', 'penetration testing']",10/27/2024,11/10/2024,1/24/2025,24
Human Resources (HR),"['organizational', 'data management', 'consulting', 'web services', 'reporting tools', 'data analytics', 'web development']",12/19/2024,12/28/2024,3/8/2025,25
PHP Laravel Development,"['php', 'web development', 'website development', 'software development', 'web services', 'http', 'web analytics']",7/12/2024,9/3/2024,9/5/2024,26
Social Work,"['collaboration', 'teamwork', 'social media marketing', 'communication', 'organizational', 'mentoring', 'leadership']",3/5/2024,3/25/2024,4/5/2024,27
Social (Fundraising),"['social media marketing', 'content marketing', 'digital marketing', 'collaboration', 'mentoring', 'leadership', 'priorities']",8/14/2023,9/30/2023,10/10/2023,28
Sales,"['content marketing', 'digital marketing', 'e-commerce', 'social media marketing', 'customer service', 'shiny', 'innovation']",4/4/2024,6/14/2024,7/2/2024,29
Sales  Executive,"['coaching', 'customer service', 'leadership', 'organizational', 'content marketing', 'project manager', 'digital marketing']",8/26/2024,9/3/2024,11/7/2024,30
Marketing,"['content marketing', 'digital marketing', 'social media marketing', 'customer service', 'e-commerce', 'website development', 'innovation']",10/12/2023,11/16/2023,12/27/2023,31
Recruitment,"['training', 'mentoring', 'organizational', 'leadership', 'consulting', 'coaching', 'analytics']",1/7/2023,1/24/2023,2/19/2023,32
UX Design,"['design', 'graphic design', 'design patterns', 'engineering', 'designer', 'technical', 'hardware']",6/13/2023,8/2/2023,8/17/2023,33
HR Consultant,"['consulting', 'project manager', 'mentoring', 'reporting tools', 'organizational', 'data management', 'designer']",12/15/2024,12/19/2024,2/22/2025,34
L&D,"['software development', 'lte', 'frontend', 'consulting', 'vb.net', 'documentation', 'technical']",3/8/2024,4/7/2024,4/8/2024,35
Launch Management,"['project management', 'project manager', 'data management', 'operating system', 'leadership', 'software development', 'organizational']",12/15/2023,12/19/2023,1/19/2024,36
HR - Talent Acquisition,"['mentoring', 'analytics', 'training', 'leadership', 'web analytics', 'consulting', 'coaching']",10/12/2023,12/14/2023,1/3/2024,37
Customer Support,"['customer service', 'content marketing', 'tech support', 'web services', 'consulting', 'project manager', 'data management']",6/9/2023,7/5/2023,7/26/2023,38
Generative Adversarial Networks,"['networks', 'artificial neural network', 'machine learning', 'deep learning', 'communication', 'network security', 'analytics']",8/9/2023,9/12/2023,10/21/2023,39
Node.js Development,"['node.js', 'nodejs', 'extjs', 'web development', 'website development', 'prototyping', 'solution development']",12/11/2023,1/16/2024,1/19/2024,40
Product Management (Technical),"['technical', 'data management', 'project management', 'digital marketing', 'content marketing', 'software development', 'organizational']",4/15/2023,5/16/2023,5/28/2023,41
Web Development (Frontend),"['web development', 'website development', 'web services', 'frontend', 'software development', 'web analytics', 'solution development']",4/5/2023,4/20/2023,6/21/2023,42
Technical Content Writing,"['technical', 'content marketing', 'web development', 'documentation', 'website development', 'reporting tools', 'tech support']",1/25/2024,2/8/2024,3/2/2024,43
MERN Stack Development,"['web development', 'website development', 'cloud computing', 'software development', 'machine learning', 'solution development', 'assembleur']",4/10/2023,5/20/2023,6/1/2023,44
ReactJs Development,"['extjs', 'nodejs', 'solution development', 'node.js', 'ajax', 'programming', 'software development']",1/3/2024,1/19/2024,2/22/2024,45
Python Django Development,"['python', 'web development', 'software development', 'website development', 'pascal', 'project manager', 'programming']",12/19/2023,2/10/2024,3/2/2024,46
Python Automation,"['python', 'programming', 'implementation', 'processing', 'data processing', 'control systems', 'assembly']",9/10/2024,10/6/2024,11/2/2024,47
HR & Admin,"['organizational', 'leadership', 'time management', 'project manager', 'consulting', 'coaching', 'data management']",9/28/2023,11/12/2023,11/21/2023,48
Resource Management,"['data management', 'project management', 'project manager', 'organizational', 'consulting', 'web services', 'time management']",2/14/2023,3/15/2023,4/25/2023,49
Project Management,"['project management', 'project manager', 'data management', 'software development', 'organizational', 'solution development', 'collaboration']",4/15/2024,4/16/2024,5/29/2024,50
Business Development,"['software development', 'web development', 'solution development', 'website development', 'innovation', 'organizational', 'digital marketing']",7/3/2024,7/10/2024,8/26/2024,51
Business Development (Sales),"['digital marketing', 'content marketing', 'website development', 'solution development', 'innovation', 'e-commerce', 'software development']",5/8/2023,6/1/2023,6/15/2023,52
Sales Promotion,"['content marketing', 'digital marketing', 'social media marketing', 'e-commerce', 'website development', 'customer service', 'innovation']",1/23/2024,2/4/2024,2/22/2024,53
UI Design,"['design', 'design patterns', 'graphic design', 'iphone', 'designer', 'programming', 'software development']",3/22/2023,4/15/2023,4/28/2023,54
Project Management (Marketing),"['project management', 'project manager', 'content marketing', 'digital marketing', 'data management', 'social media marketing', 'website development']",7/19/2024,8/5/2024,8/28/2024,55
Finance & Accounting,"['consulting', 'organizational', 'data management', 'data analysis', 'data processing', 'databases', 'documentation']",10/28/2023,12/2/2023,12/4/2023,56
Customer Relationship,"['customer service', 'content marketing', 'communication', 'digital marketing', 'e-commerce', 'consulting', 'data management']",10/5/2024,11/7/2024,12/8/2024,57
Talent Acquisition,"['innovation', 'training', 'mentoring', 'coaching', 'analytics', 'leadership', 'teamwork']",9/25/2024,9/30/2024,12/22/2024,58
Communication & Project Management,"['project management', 'project manager', 'communication technologies', 'communication', 'data management', 'collaboration', 'organizational']",1/6/2024,2/16/2024,3/17/2024,59
Logistics And Operations,"['engineering', 'technical', 'solution development', 'e-commerce', 'organizational', 'data management', 'project management']",8/14/2024,8/21/2024,10/10/2024,60
Event Management,"['project management', 'time management', 'content marketing', 'data management', 'project manager', 'presentation', 'organizational']",7/16/2023,7/24/2023,8/23/2023,61
Content Writing,"['content marketing', 'website development', 'web development', 'html', 'documentation', 'frontend', 'reporting']",12/22/2024,1/25/2025,2/1/2025,62
Environment Education Program (Mumbai),"['training', 'certifications', 'software development', 'engineering', 'project management', 'design', 'web development']",3/13/2023,4/30/2023,5/14/2023,63
Finance,"['consulting', 'programming', 'framework', 'e-commerce', 'insights', 'documentation', 'analytics']",2/16/2023,3/11/2023,5/11/2023,64
Customer Service,"['customer service', 'web services', 'content marketing', 'data management', 'project manager', 'digital marketing', 'telecom']",11/8/2024,12/15/2024,12/31/2024,65
Advertising Sales(Business Development) - Kerala (Malayalam),"['content marketing', 'digital marketing', 'social media marketing', 'website development', 'e-commerce', 'customer service', 'telecom']",8/22/2023,10/5/2023,10/25/2023,66
Legal,"['documentation', 'implementation', 'certifications', 'penetration testing', 'content marketing', 'e-commerce', 'technical']",10/24/2023,11/28/2023,1/1/2024,67
Fundraising,"['social media marketing', 'collaboration', 'content marketing', 'mentoring', 'project management', 'data mining', 'website development']",3/23/2023,3/26/2023,4/22/2023,68
"New Client Aquisition, Key Accounts Management","['customer service', 'consulting', 'data management', 'organizational', 'databases', 'asp.net', 'sql server']",8/27/2023,10/13/2023,11/1/2023,69
Omni Sport Leadership - Hiking/Trekking,"['teamwork', 'training', 'leadership', 'coaching', 'priorities', 'volleyball', 'go']",4/14/2023,4/17/2023,5/27/2023,70
Business Development Management,"['project management', 'software development', 'web development', 'solution development', 'organizational', 'project manager', 'website development']",1/25/2024,1/30/2024,2/24/2024,71
Data Entry With Marketing,"['digital marketing', 'data management', 'data analytics', 'content marketing', 'data collection', 'analytics', 'e-commerce']",10/12/2023,10/26/2023,12/6/2023,72
Operations,"['implementation', 'processing', 'analytical', 'organizational', 'solution development', 'programming', 'technical']",4/9/2024,5/6/2024,6/16/2024,73
HR Operations,"['organizational', 'time management', 'web services', 'data management', 'implementation', 'web analytics', 'reporting tools']",10/12/2024,10/27/2024,11/19/2024,74
Guest Relation Operations,"['organizational', 'customer service', 'communication', 'solution development', 'assembly', 'presentation', 'project management']",1/9/2024,2/4/2024,2/22/2024,75
Event Coordination,"['collaboration', 'teamwork', 'organizational', 'multitasking', 'ensemble', 'processing', 'data processing']",6/16/2023,8/6/2023,8/26/2023,76
Induction Representation,"['coding', 'processing', 'analytical', 'analytics', 'programming', 'ensemble', 'implementation']",1/15/2024,2/23/2024,3/16/2024,77
Field Sales,"['content marketing', 'digital marketing', 'social media marketing', 'e-commerce', 'customer service', 'web analytics', 'analytics']",12/30/2023,2/20/2024,3/17/2024,78
City Management,"['organizational', 'project management', 'data management', 'project manager', 'customer service', 'leadership', 'time management']",8/3/2023,8/7/2023,10/3/2023,79
Social Media Management,"['social media marketing', 'content marketing', 'digital marketing', 'communication technologies', 'web services', 'internet', 'website development']",11/17/2024,12/24/2024,1/15/2025,80
Video Editor,"['project manager', 'software development', 'ai', 'graphic design', 'tech support', 'content marketing', 'web development']",10/1/2023,11/9/2023,11/22/2023,81
Social Media Marketing,"['social media marketing', 'digital marketing', 'content marketing', 'communication technologies', 'e-commerce', 'website development', 'web analytics']",12/19/2024,1/3/2025,3/3/2025,82
Omni Sports Leader,"['coaching', 'leadership', 'teamwork', 'organizational', 'project manager', 'volleyball', 'maven']",11/30/2024,12/29/2024,2/10/2025,83
Android App Development,"['android', 'software development', 'web development', 'mobile', 'website development', 'implementation', 'design']",10/25/2024,11/7/2024,12/29/2024,84
Telecalling,"['telecom', 'phonegap', 'mobile', 'communication technologies', 'communication', 'internet', 'sencha touch']",3/15/2023,3/22/2023,5/15/2023,85
Company Secretary (CS),"['project manager', 'leadership', 'organizational', 'customer service', 'consulting', 'coaching', 'data management']",9/15/2024,12/10/2024,12/12/2024,86
Webinar Operations & Strategy,"['web development', 'web services', 'web analytics', 'website development', 'data management', 'content marketing', 'sql server']",10/12/2024,10/14/2024,12/8/2024,87
Social Media Manager,"['social media marketing', 'project manager', 'digital marketing', 'content marketing', 'customer service', 'leadership', 'web services']",6/25/2023,8/9/2023,9/4/2023,88
Journalism,"['reporting', 'content marketing', 'social media marketing', 'digital marketing', 'networks', 'reporting tools', 'presentation']",6/30/2024,7/6/2024,9/24/2024,89
Business Operations,"['organizational', 'data management', 'implementation', 'e-commerce', 'project management', 'customer service', 'content marketing']",9/8/2023,10/6/2023,11/4/2023,90
Online Reputation Management,"['digital marketing', 'content marketing', 'web analytics', 'e-commerce', 'website development', 'customer service', 'data management']",6/17/2023,7/31/2023,8/29/2023,91
Strategy and Research,"['insights', 'consulting', 'innovation', 'collaboration', 'technical', 'solution development', 'priorities']",4/18/2024,5/18/2024,6/6/2024,92
HR,"['organizational', 'html', 'leadership', 'frontend', 'dom', 'communication', 'mentoring']",1/24/2024,2/21/2024,3/4/2024,93
Web Maintenance,"['web services', 'web development', 'website development', 'web analytics', 'internet', 'http', 'reporting tools']",10/4/2023,11/12/2023,11/27/2023,94
User Research,"['consulting', 'reporting tools', 'tech support', 'data analysis', 'website development', 'web analytics', 'insights']",10/17/2024,10/18/2024,12/18/2024,95
Nutraceuticals-Project,"['data mining', 'analytics', 'prestashop', 'processing', 'data analytics', 'analytical', 'reporting tools']",12/5/2024,1/1/2025,3/1/2025,96
Sales Administration,"['customer service', 'organizational', 'digital marketing', 'content marketing', 'data management', 'e-commerce', 'project manager']",7/24/2024,10/9/2024,10/18/2024,97
Marketing And Communications,"['digital marketing', 'content marketing', 'social media marketing', 'communication technologies', 'telecom', 'communication', 'customer service']",8/13/2023,8/16/2023,10/22/2023,98
Program Operations,"['programming', 'implementation', 'processing', 'software development', 'data processing', 'data management', 'project management']",12/2/2024,12/29/2024,2/8/2025,99
Volunteering,"['mentoring', 'collaboration', 'training', 'project manager', 'consulting', 'customer service', 'teamwork']",11/29/2023,1/5/2024,1/6/2024,100
Graphic And Content,"['graphic design', 'documentation', 'presentation', 'content marketing', 'technical', 'attention to detail', 'modeling']",2/27/2023,4/19/2023,4/30/2023,101
DEI Consulting,"['consulting', 'collaboration', 'reporting tools', 'assembleur', 'documentation', 'organizational', 'reporting']",8/23/2023,10/6/2023,11/2/2023,102
Angular UI Development & UI Design,"['angular', 'design', 'web development', 'website development', 'graphic design', 'nodejs', 'design patterns']",2/2/2023,2/17/2023,3/27/2023,103
Teaching GPAT And Pharmacy Exams,"['consulting', 'certifications', 'training', 'documentation', 'tech support', 'presentation', 'databases']",11/20/2023,12/22/2023,2/16/2024,104
Business Operations And Research,"['consulting', 'organizational', 'e-commerce', 'insights', 'content marketing', 'digital marketing', 'project management']",2/15/2024,3/10/2024,4/16/2024,105
Business Development & Brand Solution,"['solution development', 'digital marketing', 'software development', 'website development', 'content marketing', 'innovation', 'design']",10/2/2023,11/23/2023,12/11/2023,106
Supply Chain & Logistics Operations,"['e-commerce', 'data management', 'project management', 'content marketing', 'customer service', 'organizational', 'digital marketing']",3/9/2023,5/10/2023,5/26/2023,107
Motion Design,"['design', 'design patterns', 'graphic design', 'engineering', 'modeling', 'technical', 'angular']",8/5/2023,10/2/2023,10/22/2023,108
Sales Trainee,"['training', 'customer service', 'coaching', 'certifications', 'consulting', 'designer', 'mentoring']",8/3/2024,8/15/2024,10/23/2024,109
Retail Management,"['e-commerce', 'data management', 'content marketing', 'customer service', 'digital marketing', 'organizational', 'consulting']",11/19/2023,11/21/2023,1/26/2024,110
Operation Analyst,"['analytics', 'consulting', 'web analytics', 'analytical', 'data analytics', 'organizational', 'reporting tools']",8/6/2023,8/23/2023,9/7/2023,111
Omni Sports Leadership,"['leadership', 'coaching', 'teamwork', 'organizational', 'training', 'volleyball', 'project manager']",11/2/2024,12/28/2024,1/7/2025,112
Omni Sports Leading,"['coaching', 'teamwork', 'volleyball', 'organizational', 'training', 'ensemble', 'sas']",5/26/2024,5/28/2024,7/11/2024,113
IT Coordination,"['collaboration', 'assembly', 'organizational', 'implementation', 'assembleur', 'processing', 'technical']",2/10/2024,3/9/2024,3/12/2024,114
Admin,"['organizational', 'project manager', 'leadership', 'coaching', 'customer service', 'consulting', 'designer']",10/20/2024,10/21/2024,1/11/2025,115
Software Development – Vagyojaka Tool,"['software development', 'web development', 'prototyping', 'graphic design', 'design', 'project management', 'programming']",4/14/2024,4/16/2024,6/1/2024,116
Omni Sport Leader,"['coaching', 'leadership', 'teamwork', 'organizational', 'training', 'volleyball', 'assembleur']",5/27/2023,7/10/2023,8/17/2023,117
Youtube Management,"['content marketing', 'website development', 'web development', 'social media marketing', 'project management', 'data management', 'digital marketing']",9/29/2023,10/31/2023,11/23/2023,118
Public Relations,"['communication', 'social media marketing', 'reporting', 'organizational', 'insights', 'leadership', 'presentation']",5/23/2023,6/24/2023,6/27/2023,119
Sales (Real Estate),"['digital marketing', 'content marketing', 'e-commerce', 'social media marketing', 'innovation', 'shiny', 'insights']",9/10/2023,11/17/2023,12/3/2023,120
Customer Experience,"['customer service', 'content marketing', 'digital marketing', 'web services', 'e-commerce', 'consulting', 'data management']",7/28/2024,10/11/2024,10/20/2024,121
Insurance Consulting,"['consulting', 'reporting tools', 'tech support', 'data management', 'analytics', 'customer service', 'organizational']",7/5/2024,7/22/2024,9/28/2024,122
Curriculum Development,"['web development', 'training', 'software development', 'certifications', 'website development', 'presentation', 'framework']",9/27/2023,10/21/2023,12/3/2023,123
Digital Marketing,"['digital marketing', 'content marketing', 'social media marketing', 'e-commerce', 'website development', 'communication technologies', 'web analytics']",8/21/2024,8/27/2024,9/24/2024,124
Lead HR (Admin),"['leadership', 'project manager', 'organizational', 'mentoring', 'frontend', 'time management', 'consulting']",3/14/2024,3/25/2024,5/4/2024,125
Content Creation & Ideation,"['web development', 'website development', 'content marketing', 'prototyping', 'software development', 'framework', 'design']",8/20/2024,9/5/2024,11/5/2024,126
Technical Finance,"['technical', 'tech support', 'engineering', 'consulting', 'telecom', 'documentation', 'digital marketing']",2/13/2024,2/22/2024,4/15/2024,127
Media And Social Media Management,"['social media marketing', 'content marketing', 'digital marketing', 'communication technologies', 'web services', 'internet', 'web development']",1/6/2024,3/5/2024,4/4/2024,128
Digital Media Monitoring/Content Analytics,"['web analytics', 'data analytics', 'analytics', 'digital marketing', 'social media marketing', 'content marketing', 'data mining']",8/13/2023,8/29/2023,9/17/2023,129
Digital And Cartoon Artist,"['designer', 'graphic design', 'digital marketing', 'design', 'web development', 'ai', 'content marketing']",5/22/2023,5/25/2023,7/19/2023,130
Content Marketing,"['content marketing', 'digital marketing', 'social media marketing', 'website development', 'e-commerce', 'web development', 'web services']",6/5/2024,7/11/2024,7/24/2024,131
Social Media Research/Scouting,"['social media marketing', 'content marketing', 'digital marketing', 'web analytics', 'analytics', 'data mining', 'website development']",5/20/2024,6/15/2024,7/7/2024,132
Video Making/Editing,"['graphic design', 'processing', 'data processing', 'software development', 'ai', 'web development', 'multitasking']",4/4/2023,5/5/2023,5/6/2023,133
YouTube Marketing,"['content marketing', 'social media marketing', 'digital marketing', 'website development', 'web development', 'e-commerce', 'customer service']",2/18/2023,3/10/2023,4/7/2023,134
Marketing (Sunburn),"['content marketing', 'digital marketing', 'social media marketing', 'customer service', 'designer', 'website development', 'shiny']",4/23/2023,4/30/2023,6/23/2023,135
Content Developement (DIY Videos),"['content marketing', 'web development', 'website development', 'software development', 'presentation', 'prototyping', 'solution development']",6/6/2023,7/9/2023,8/26/2023,136
US Sales Process (Female),"['digital marketing', 'customer service', 'content marketing', 'e-commerce', 'social media marketing', 'data management', 'designer']",10/4/2024,11/12/2024,12/12/2024,137
Chartered Accountancy (CA),"['certifications', 'consulting', 'vb.net', 'organizational', 'data management', 'e-commerce', 'documentation']",6/13/2023,7/23/2023,7/30/2023,138
Content Writing (Education),"['web development', 'website development', 'content marketing', 'documentation', 'html', 'presentation', 'web services']",11/27/2024,12/8/2024,12/27/2024,139
Computer Operations,"['programming', 'processing', 'data processing', 'implementation', 'technical', 'data management', 'engineering']",3/8/2024,4/2/2024,5/4/2024,140
Creative Design,"['design', 'design patterns', 'designer', 'graphic design', 'engineering', 'prototyping', 'innovation']",9/2/2024,9/25/2024,11/20/2024,141
Subject Matter Expert (Mathematics) - Doubt Solving,"['problem solving', 'mathematics', 'machine learning', 'attention to detail', 'critical thinking', 'deep learning', 'analytical']",3/7/2023,4/6/2023,5/6/2023,142
Content Writing (Art & Craft),"['content marketing', 'web development', 'website development', 'design', 'graphic design', 'designer', 'html']",1/30/2024,2/6/2024,4/10/2024,143
Content Writing (Fashion & Lifestyle),"['content marketing', 'designer', 'website development', 'web development', 'graphic design', 'design', 'frontend']",1/26/2024,2/11/2024,4/24/2024,144
Web Development,"['web development', 'website development', 'web services', 'software development', 'web analytics', 'content marketing', 'solution development']",9/2/2024,10/20/2024,10/27/2024,145
Web Content Development,"['web development', 'website development', 'content marketing', 'web services', 'software development', 'web analytics', 'asp.net']",4/24/2024,6/23/2024,7/19/2024,146
Video Editing,"['processing', 'ai', 'data processing', 'control systems', 'software development', 'graphic design', 'technical']",6/25/2024,6/27/2024,9/11/2024,147
UI/UX Design,"['design', 'graphic design', 'design patterns', 'designer', 'hardware', 'engineering', 'tech support']",9/15/2023,10/1/2023,10/15/2023,148
Data Entry,"['data collection', 'data processing', 'data management', 'data analytics', 'databases', 'data mining', 'data analysis']",7/20/2024,7/25/2024,8/30/2024,149
Brand Management,"['digital marketing', 'content marketing', 'organizational', 'designer', 'customer service', 'social media marketing', 'data management']",1/12/2023,2/13/2023,3/19/2023,150
HR And Market Research,"['content marketing', 'digital marketing', 'social media marketing', 'e-commerce', 'consulting', 'website development', 'web analytics']",11/27/2024,12/6/2024,2/23/2025,151
Civil Engineering,"['engineering', 'design', 'technical', 'assembly', 'assembleur', 'software development', 'organizational']",4/28/2023,5/17/2023,7/7/2023,152
Architecture,"['design', 'engineering', 'design patterns', 'graphic design', 'framework', 'organizational', 'implementation']",11/29/2024,12/2/2024,2/14/2025,153
Digital Marketing (Meme & Carousel Making),"['digital marketing', 'content marketing', 'e-commerce', 'social media marketing', 'website development', 'web analytics', 'web development']",7/3/2024,7/27/2024,8/21/2024,154
General Management,"['organizational', 'data management', 'consulting', 'project manager', 'leadership', 'project management', 'time management']",10/1/2023,11/3/2023,12/23/2023,155
Legal Content Curation,"['content marketing', 'documentation', 'website development', 'e-commerce', 'certifications', 'reporting tools', 'web development']",10/18/2024,12/9/2024,12/10/2024,156
English Content Curation (IELTS),"['content marketing', 'html', 'documentation', 'website development', 'e-commerce', 'communication', 'web development']",12/15/2023,12/23/2023,1/24/2024,157
Field And Digital Marketing,"['digital marketing', 'content marketing', 'social media marketing', 'website development', 'e-commerce', 'web analytics', 'web development']",4/25/2023,6/2/2023,6/29/2023,158
Accounts And Audit,"['organizational', 'reporting tools', 'databases', 'data management', 'data collection', 'analytics', 'documentation']",10/28/2023,11/22/2023,1/5/2024,159
YouTube SEO,"['content marketing', 'website development', 'social media marketing', 'e-commerce', 'web analytics', 'web development', 'digital marketing']",3/21/2024,4/8/2024,5/18/2024,160
Quality Analytics,"['analytics', 'data analytics', 'web analytics', 'data analysis', 'data mining', 'analytical', 'data management']",6/11/2023,8/16/2023,8/25/2023,161
Growth Hacking,"['web analytics', 'analytics', 'innovation', 'data mining', 'deep learning', 'web development', 'networks']",4/9/2024,5/14/2024,7/1/2024,162
Purchase Management,"['data management', 'customer service', 'e-commerce', 'digital marketing', 'content marketing', 'consulting', 'organizational']",1/4/2023,2/14/2023,2/18/2023,163
Telecalling & Administration,"['telecom', 'phonegap', 'communication technologies', 'implementation', 'data management', 'mobile', 'e-commerce']",9/27/2023,10/30/2023,12/1/2023,164
Furniture/Product Design,"['design', 'design patterns', 'designer', 'graphic design', 'website development', 'prototyping', 'engineering']",5/27/2024,5/28/2024,6/29/2024,165
Inside Sales,"['content marketing', 'e-commerce', 'organizational', 'digital marketing', 'customer service', 'frontend', 'social media marketing']",7/2/2023,7/23/2023,8/14/2023,166
Growth (Marketing),"['content marketing', 'digital marketing', 'social media marketing', 'innovation', 'e-commerce', 'solution development', 'website development']",6/3/2024,6/23/2024,8/19/2024,167
Travel Research And Data Entry,"['data analysis', 'data collection', 'data mining', 'data analytics', 'big data', 'insights', 'web analytics']",4/19/2023,4/27/2023,7/13/2023,168
Sales executive,"['coaching', 'customer service', 'leadership', 'organizational', 'content marketing', 'project manager', 'digital marketing']",10/2/2024,10/5/2024,11/7/2024,169
Teaching (Python/Java/C++/Kotlin/Go/Javascript/Swift/Scala/Ruby),"['training', 'programming', 'python', 'deep learning', 'prototyping', 'implementation', 'web development']",11/2/2023,12/5/2023,12/18/2023,170
Coordination,"['collaboration', 'organizational', 'teamwork', 'assembly', 'processing', 'communication', 'assembleur']",10/16/2024,12/31/2024,1/1/2025,171
Admission Counseling,"['mentoring', 'consulting', 'training', 'coaching', 'certifications', 'presentation', 'documentation']",6/3/2024,8/28/2024,8/30/2024,172
E-Commerce Marketing,"['e-commerce', 'content marketing', 'digital marketing', 'social media marketing', 'website development', 'customer service', 'web analytics']",9/15/2024,10/7/2024,12/8/2024,173
Content Development (English),"['web development', 'website development', 'content marketing', 'software development', 'solution development', 'web services', 'digital marketing']",7/23/2023,8/22/2023,10/6/2023,174
Probability,"['mathematics', 'statistical analysis', 'analytical', 'machine learning', 'analytics', 'problem solving', 'big data']",6/6/2023,7/27/2023,8/12/2023,175
Credit Analytics,"['analytics', 'data analytics', 'web analytics', 'data mining', 'data collection', 'databases', 'data management']",1/18/2024,1/26/2024,4/10/2024,176
Trainer (Teaching VLSI Front-end Designing Or VLSI Back-end Designing Course),"['training', 'design', 'designer', 'design patterns', 'coaching', 'mentoring', 'tech support']",6/15/2023,7/12/2023,8/10/2023,177
Fundraising/Crowdfunding,"['social media marketing', 'content marketing', 'digital marketing', 'project management', 'website development', 'customer service', 'data mining']",7/6/2024,7/27/2024,9/7/2024,178
Psychology ( Marketing),"['content marketing', 'digital marketing', 'social media marketing', 'coaching', 'designer', 'customer service', 'analytics']",6/27/2024,7/30/2024,8/25/2024,179
IPad Art,"['iphone', 'ai', 'electronics', 'phonegap', 'graphic design', 'design', 'mobile']",1/1/2023,2/17/2023,2/27/2023,180
Torchbearer Impact Program,"['project management', 'project manager', 'spark', 'prestashop', 'implementation', 'web development', 'jsp']",9/5/2024,9/10/2024,11/6/2024,181
Technical Architecture,"['technical', 'engineering', 'design', 'tech support', 'design patterns', 'communication technologies', 'graphic design']",11/28/2023,1/28/2024,2/25/2024,182
Social Impact Leading,"['priorities', 'insights', 'leadership', 'social media marketing', 'collaboration', 'solution development', 'innovation']",5/15/2024,6/3/2024,7/31/2024,183
Social Sector Operations,"['organizational', 'social media marketing', 'networks', 'project management', 'web services', 'implementation', 'project manager']",1/20/2023,1/23/2023,2/22/2023,184
Product Marketing,"['content marketing', 'digital marketing', 'social media marketing', 'customer service', 'e-commerce', 'innovation', 'website development']",4/25/2023,5/12/2023,7/12/2023,185
Sales And Marketing,"['content marketing', 'digital marketing', 'social media marketing', 'e-commerce', 'customer service', 'website development', 'organizational']",1/7/2024,2/6/2024,3/20/2024,186
Subject Matter Expert (Physics) Live Doubts,"['critical thinking', 'attention to detail', 'technical', 'machine learning', 'presentation', 'problem solving', 'tech support']",11/11/2023,12/27/2023,1/8/2024,187
Digital Marketing (Email Marketing),"['digital marketing', 'content marketing', 'social media marketing', 'e-commerce', 'customer service', 'web analytics', 'website development']",9/3/2023,9/9/2023,11/24/2023,188
Sales (Tele-marketing),"['social media marketing', 'digital marketing', 'content marketing', 'telecom', 'e-commerce', 'customer service', 'communication technologies']",3/1/2023,4/30/2023,5/4/2023,189
Ruby On Rails Development,"['spark', 'programming', 'web development', 'software development', 'website development', 'debugging', 'http']",9/4/2023,10/11/2023,11/13/2023,190
Physics Content Writing,"['technical', 'presentation', 'graphic design', 'documentation', 'design', 'mathematics', 'pascal']",8/3/2024,9/1/2024,9/25/2024,191
Subject Matter Expert (Chemistry) Live Doubt,"['critical thinking', 'attention to detail', 'analytical', 'technical', 'insights', 'presentation', 'priorities']",3/22/2023,5/7/2023,6/8/2023,192
Content Writing (Chemistry),"['documentation', 'website development', 'content marketing', 'technical', 'solution development', 'reporting tools', 'web development']",3/29/2023,5/28/2023,6/19/2023,193
AWS DevOps Engineering,"['cloud computing', 'engineering', 'linux', 'web development', 'software development', 'assembly', 'assembleur']",5/12/2024,7/3/2024,7/13/2024,194
Market Research (Fashion),"['content marketing', 'designer', 'digital marketing', 'social media marketing', 'e-commerce', 'design', 'website development']",3/12/2023,4/13/2023,5/1/2023,195
Angular.js Development,"['angular', 'node.js', 'nodejs', 'web development', 'ajax', 'website development', 'extjs']",6/29/2024,8/1/2024,8/20/2024,196
Electrical Engineering,"['engineering', 'electronics', 'technical', 'design', 'renewable energy', 'communication technologies', 'tech support']",5/9/2023,5/27/2023,6/10/2023,197
Operation,"['implementation', 'processing', 'analytical', 'solution development', 'programming', 'data processing', 'technical']",5/12/2023,6/23/2023,7/5/2023,198
Business Development (Female),"['designer', 'organizational', 'web development', 'digital marketing', 'software development', 'solution development', 'project management']",11/6/2024,12/30/2024,1/5/2025,199
Interior Design,"['design', 'design patterns', 'graphic design', 'designer', 'engineering', 'modeling', 'frontend']",5/1/2024,7/7/2024,7/27/2024,200
,,7/16/2024,8/31/2024,9/23/2024,201
,,6/19/2023,8/8/2023,8/11/2023,202
,,9/29/2023,11/15/2023,11/29/2023,203
,,6/24/2024,7/17/2024,8/14/2024,204
,,9/13/2024,10/10/2024,10/14/2024,205
,,3/9/2024,3/11/2024,5/19/2024,206
,,8/5/2023,8/22/2023,9/29/2023,207
,,7/6/2024,8/8/2024,9/13/2024,208
,,12/7/2024,1/5/2025,1/14/2025,209
,,7/25/2023,8/20/2023,10/4/2023,210
,,12/31/2024,2/19/2025,3/5/2025,211
,,11/16/2023,12/10/2023,1/9/2024,212
,,2/13/2024,2/20/2024,3/26/2024,213
,,11/18/2024,12/24/2024,2/12/2025,214
,,10/27/2024,11/16/2024,1/9/2025,215
,,1/18/2024,1/26/2024,2/17/2024,216
,,3/24/2024,4/9/2024,6/7/2024,217
,,6/13/2024,6/25/2024,7/26/2024,218
,,4/7/2024,4/22/2024,6/26/2024,219
,,5/4/2023,6/7/2023,6/30/2023,220
,,9/11/2023,10/4/2023,10/12/2023,221
,,8/19/2023,9/13/2023,10/9/2023,222
,,3/7/2023,5/9/2023,6/2/2023,223
,,12/13/2023,1/4/2024,2/2/2024,224
,,1/22/2023,3/15/2023,4/10/2023,225
,,8/25/2024,11/3/2024,11/4/2024,226
,,7/21/2024,9/2/2024,9/3/2024,227
,,8/24/2023,9/1/2023,11/21/2023,228
,,8/25/2024,10/24/2024,11/15/2024,229
,,8/14/2023,8/19/2023,10/26/2023,230
,,1/8/2023,1/14/2023,3/17/2023,231
,,3/14/2023,4/30/2023,5/27/2023,232
,,12/25/2024,2/18/2025,2/27/2025,233
,,10/8/2024,11/29/2024,12/16/2024,234
,,3/2/2023,3/15/2023,4/16/2023,235
,,8/23/2023,9/22/2023,11/10/2023,236
,,3/11/2023,3/28/2023,4/28/2023,237
,,2/2/2023,4/6/2023,4/28/2023,238
,,12/5/2023,1/2/2024,1/22/2024,239
,,3/14/2023,5/8/2023,6/9/2023,240
,,6/10/2024,7/17/2024,8/4/2024,241
,,9/1/2023,10/24/2023,10/26/2023,242
,,10/13/2023,10/22/2023,12/4/2023,243
,,11/16/2024,11/17/2024,12/27/2024,244
,,5/12/2024,5/13/2024,8/7/2024,245
,,8/8/2023,9/11/2023,10/23/2023,246
,,7/6/2024,8/29/2024,9/5/2024,247
,,5/16/2023,5/17/2023,8/1/2023,248
,,8/7/2024,9/15/2024,9/21/2024,249
,,8/13/2024,9/4/2024,9/16/2024,250
,,4/29/2024,6/23/2024,6/26/2024,251
,,9/6/2023,9/18/2023,10/8/2023,252
,,4/29/2024,5/15/2024,6/23/2024,253
,,2/21/2024,4/18/2024,5/11/2024,254
,,7/14/2023,7/28/2023,9/10/2023,255
,,4/7/2023,4/12/2023,6/3/2023,256
,,4/10/2023,6/11/2023,6/25/2023,257
,,11/5/2024,1/13/2025,1/25/2025,258
,,3/17/2024,4/2/2024,4/27/2024,259
,,12/29/2023,1/24/2024,2/22/2024,260
,,3/9/2024,4/17/2024,5/25/2024,261
,,2/25/2024,3/29/2024,4/30/2024,262
,,4/23/2024,5/30/2024,6/21/2024,263
,,2/25/2023,3/7/2023,4/18/2023,264
,,11/20/2024,1/28/2025,2/11/2025,265
,,10/31/2024,12/4/2024,1/4/2025,266
,,10/23/2024,11/2/2024,1/12/2025,267
,,4/11/2023,4/30/2023,7/7/2023,268
,,3/4/2023,3/5/2023,5/30/2023,269
,,2/17/2024,4/26/2024,5/12/2024,270
,,12/14/2023,12/18/2023,2/26/2024,271
,,4/22/2023,5/16/2023,6/6/2023,272
,,9/12/2023,9/14/2023,10/27/2023,273
,,7/16/2023,8/17/2023,10/2/2023,274
,,7/14/2023,8/3/2023,9/8/2023,275
,,7/3/2024,7/15/2024,8/25/2024,276
,,4/4/2024,5/9/2024,6/22/2024,277
,,5/24/2023,6/26/2023,8/21/2023,278
,,3/8/2024,5/8/2024,5/9/2024,279
,,7/7/2023,8/19/2023,9/25/2023,280
,,10/13/2023,10/25/2023,12/18/2023,281
,,4/18/2024,4/19/2024,5/20/2024,282
,,9/13/2023,10/23/2023,11/14/2023,283
,,3/19/2023,4/17/2023,4/27/2023,284
,,3/29/2024,4/10/2024,5/10/2024,285
,,7/17/2024,9/1/2024,9/15/2024,286
,,4/11/2023,5/10/2023,5/12/2023,287
,,2/21/2023,3/28/2023,5/12/2023,288
,,10/29/2024,11/15/2024,12/20/2024,289
,,7/7/2024,7/15/2024,8/31/2024,290
,,1/16/2023,2/11/2023,3/15/2023,291
,,4/6/2023,5/2/2023,5/15/2023,292
,,8/31/2023,10/21/2023,11/2/2023,293
,,6/20/2023,6/27/2023,8/29/2023,294
,,2/21/2024,3/18/2024,3/25/2024,295
,,5/12/2024,7/26/2024,8/2/2024,296
,,5/7/2024,7/2/2024,7/4/2024,297
,,8/7/2023,9/1/2023,10/11/2023,298
,,2/15/2024,3/22/2024,4/5/2024,299
,,3/2/2023,4/8/2023,4/10/2023,300
,,6/18/2023,7/12/2023,7/26/2023,301
,,1/24/2024,3/13/2024,3/28/2024,302
,,1/3/2023,2/20/2023,3/8/2023,303
,,2/4/2024,2/22/2024,4/9/2024,304
,,9/29/2023,10/23/2023,12/16/2023,305
,,4/10/2024,5/12/2024,6/1/2024,306
,,10/20/2023,11/1/2023,12/25/2023,307
,,3/9/2024,5/3/2024,5/26/2024,308
,,12/14/2024,1/6/2025,1/25/2025,309
,,7/23/2024,8/27/2024,9/15/2024,310
,,11/8/2024,12/8/2024,1/17/2025,311
,,5/13/2024,6/2/2024,6/28/2024,312
,,6/8/2023,6/21/2023,8/24/2023,313
,,7/14/2023,8/2/2023,10/10/2023,314
,,10/31/2023,11/12/2023,1/17/2024,315
,,8/11/2023,8/30/2023,10/20/2023,316
,,3/1/2023,3/10/2023,4/11/2023,317
,,8/16/2024,9/13/2024,9/21/2024,318
,,7/9/2024,8/9/2024,8/21/2024,319
,,3/4/2023,3/20/2023,5/24/2023,320
,,11/18/2023,1/26/2024,2/8/2024,321
,,2/28/2023,3/12/2023,5/3/2023,322
,,2/21/2023,4/14/2023,4/16/2023,323
,,8/21/2024,11/14/2024,11/17/2024,324
,,5/3/2024,6/25/2024,7/7/2024,325
,,5/29/2024,6/14/2024,7/20/2024,326
,,6/27/2024,8/5/2024,9/21/2024,327
,,6/11/2023,8/3/2023,8/24/2023,328
,,2/28/2023,4/27/2023,5/10/2023,329
,,6/4/2024,6/18/2024,8/11/2024,330
,,3/24/2023,5/21/2023,5/23/2023,331
,,7/10/2023,8/2/2023,8/13/2023,332
,,3/12/2023,4/24/2023,5/9/2023,333
,,9/1/2024,9/19/2024,10/11/2024,334
,,3/11/2023,3/20/2023,5/26/2023,335
,,11/22/2024,12/9/2024,12/31/2024,336
,,8/29/2023,9/5/2023,11/4/2023,337
,,2/18/2024,3/2/2024,5/3/2024,338
,,5/3/2023,6/14/2023,7/11/2023,339
,,8/6/2024,9/2/2024,9/13/2024,340
,,9/10/2023,11/15/2023,12/6/2023,341
,,8/15/2024,9/13/2024,9/18/2024,342
,,8/31/2024,10/8/2024,11/5/2024,343
,,2/10/2023,2/18/2023,3/30/2023,344
,,9/26/2024,11/30/2024,12/12/2024,345
,,3/25/2023,4/11/2023,5/15/2023,346
,,3/5/2024,3/30/2024,4/10/2024,347
,,11/4/2024,11/8/2024,1/17/2025,348
,,8/20/2024,8/26/2024,10/24/2024,349
,,8/1/2024,9/1/2024,10/29/2024,350
,,6/19/2024,8/2/2024,8/6/2024,351
,,11/20/2023,12/29/2023,2/11/2024,352
,,9/25/2023,10/5/2023,11/20/2023,353
,,7/29/2023,8/17/2023,9/22/2023,354
,,11/16/2024,1/22/2025,1/23/2025,355
,,11/18/2023,12/1/2023,1/31/2024,356
,,9/2/2023,10/30/2023,11/20/2023,357
,,9/29/2023,10/27/2023,11/17/2023,358
,,2/10/2024,2/11/2024,3/18/2024,359
,,5/15/2023,5/28/2023,6/16/2023,360
,,11/18/2024,1/6/2025,1/14/2025,361
,,10/22/2024,11/24/2024,12/15/2024,362
,,11/4/2023,11/10/2023,1/10/2024,363
,,4/13/2024,5/27/2024,7/9/2024,364
,,11/20/2023,12/22/2023,2/2/2024,365
,,3/16/2023,5/16/2023,5/29/2023,366
,,1/10/2023,1/31/2023,3/27/2023,367
,,4/14/2024,5/5/2024,5/29/2024,368
,,9/28/2024,11/4/2024,11/7/2024,369
,,7/30/2024,9/3/2024,10/3/2024,370
,,4/13/2023,5/3/2023,5/31/2023,371
,,3/17/2023,4/4/2023,6/11/2023,372
,,7/4/2024,8/22/2024,9/18/2024,373
,,8/7/2023,8/22/2023,9/19/2023,374
,,6/2/2024,6/3/2024,8/1/2024,375
,,9/29/2023,11/22/2023,12/20/2023,376
,,5/16/2023,5/19/2023,8/7/2023,377
,,12/24/2023,1/16/2024,2/7/2024,378
,,3/12/2023,5/26/2023,6/6/2023,379
,,9/8/2023,9/18/2023,10/19/2023,380
,,1/14/2024,1/30/2024,3/15/2024,381
,,10/19/2023,10/31/2023,11/25/2023,382
,,6/11/2023,7/9/2023,8/3/2023,383
,,3/24/2024,4/1/2024,6/14/2024,384
,,7/10/2024,8/15/2024,10/5/2024,385
,,12/21/2024,12/29/2024,2/14/2025,386
,,11/6/2023,1/5/2024,2/1/2024,387
,,9/18/2024,10/16/2024,12/6/2024,388
,,10/31/2024,12/7/2024,12/27/2024,389
,,6/25/2024,8/28/2024,9/3/2024,390
,,1/9/2023,3/4/2023,3/6/2023,391
,,11/14/2024,11/23/2024,12/30/2024,392
,,7/21/2024,9/12/2024,9/21/2024,393
,,11/3/2023,11/16/2023,12/22/2023,394
,,11/10/2024,12/28/2024,1/6/2025,395
,,4/17/2023,4/30/2023,6/14/2023,396
,,5/18/2023,6/22/2023,8/1/2023,397
,,9/28/2023,10/16/2023,11/2/2023,398
,,4/29/2023,7/7/2023,7/18/2023,399
,,4/20/2023,5/15/2023,7/5/2023,400
,,7/20/2024,7/30/2024,8/20/2024,401
,,6/9/2023,7/9/2023,9/2/2023,402
,,10/6/2023,10/11/2023,12/24/2023,403
,,10/16/2023,11/18/2023,1/8/2024,404
,,9/11/2024,11/15/2024,12/3/2024,405
,,8/4/2023,9/5/2023,9/20/2023,406
,,12/18/2023,2/5/2024,3/3/2024,407
,,7/28/2023,8/18/2023,9/6/2023,408
,,12/4/2024,12/29/2024,1/28/2025,409
,,10/11/2024,11/7/2024,12/1/2024,410
,,9/28/2023,12/14/2023,12/15/2023,411
,,6/1/2024,7/5/2024,8/2/2024,412
,,5/15/2024,5/16/2024,7/24/2024,413
,,9/15/2023,11/2/2023,11/4/2023,414
,,2/22/2023,2/28/2023,5/17/2023,415
,,4/5/2023,4/22/2023,6/1/2023,416
,,10/11/2024,11/11/2024,11/14/2024,417
,,3/9/2024,3/12/2024,4/12/2024,418
,,10/11/2023,11/3/2023,1/1/2024,419
,,2/15/2023,4/9/2023,4/22/2023,420
,,1/4/2023,1/21/2023,3/11/2023,421
,,12/8/2023,12/22/2023,1/27/2024,422
,,5/14/2023,5/15/2023,6/21/2023,423
,,10/14/2024,11/28/2024,1/2/2025,424
,,9/26/2023,9/30/2023,11/7/2023,425
,,6/15/2023,7/2/2023,7/15/2023,426
,,3/28/2024,4/29/2024,6/5/2024,427
,,7/18/2024,8/15/2024,9/19/2024,428
,,12/23/2024,12/31/2024,2/21/2025,429
,,3/13/2024,4/8/2024,5/20/2024,430
,,7/28/2024,8/31/2024,10/23/2024,431
,,1/10/2023,1/13/2023,4/3/2023,432
,,4/25/2023,6/14/2023,7/22/2023,433
,,3/19/2023,3/20/2023,4/29/2023,434
,,12/8/2024,12/13/2024,3/1/2025,435
,,6/2/2023,7/2/2023,7/31/2023,436
,,7/12/2024,9/7/2024,10/8/2024,437
,,2/6/2023,3/1/2023,3/24/2023,438
,,1/14/2024,2/20/2024,2/27/2024,439
,,8/19/2024,9/2/2024,10/8/2024,440
,,7/19/2024,7/30/2024,8/19/2024,441
,,6/1/2023,7/9/2023,8/20/2023,442
,,3/16/2024,4/23/2024,6/13/2024,443
,,5/11/2023,6/10/2023,7/29/2023,444
,,2/12/2023,3/11/2023,3/28/2023,445
,,11/12/2023,1/14/2024,1/31/2024,446
,,1/9/2024,3/1/2024,3/12/2024,447
,,2/10/2023,3/20/2023,5/7/2023,448
,,1/2/2024,1/26/2024,3/4/2024,449
,,8/4/2023,9/3/2023,9/17/2023,450
,,11/29/2024,1/19/2025,2/21/2025,451
,,9/13/2023,9/18/2023,10/29/2023,452
,,11/13/2024,11/17/2024,1/10/2025,453
,,4/16/2023,5/3/2023,5/25/2023,454
,,12/29/2023,1/15/2024,2/6/2024,455
,,7/27/2024,10/19/2024,10/24/2024,456
,,2/21/2024,2/26/2024,4/14/2024,457
,,9/27/2024,10/3/2024,11/29/2024,458
,,6/8/2023,8/13/2023,8/29/2023,459
,,8/31/2023,9/11/2023,10/12/2023,460
,,6/16/2023,7/9/2023,9/4/2023,461
,,7/1/2023,9/19/2023,9/23/2023,462
,,2/27/2024,3/9/2024,4/27/2024,463
,,1/26/2023,2/11/2023,4/19/2023,464
,,7/3/2023,7/7/2023,8/9/2023,465
,,12/7/2023,12/11/2023,2/14/2024,466
,,2/26/2024,3/22/2024,5/21/2024,467
,,11/16/2024,11/19/2024,12/18/2024,468
,,9/12/2023,10/11/2023,11/7/2023,469
,,10/1/2023,11/20/2023,12/1/2023,470
,,6/13/2023,8/3/2023,9/8/2023,471
,,12/19/2024,1/9/2025,2/5/2025,472
,,4/21/2023,5/9/2023,5/25/2023,473
,,1/27/2024,3/9/2024,3/24/2024,474
,,2/9/2023,3/2/2023,4/1/2023,475
,,4/26/2024,4/27/2024,5/31/2024,476
,,8/16/2023,8/28/2023,9/19/2023,477
,,7/24/2023,9/8/2023,9/17/2023,478
,,4/16/2024,6/4/2024,6/18/2024,479
,,12/25/2023,1/20/2024,2/6/2024,480
,,11/9/2023,12/6/2023,1/22/2024,481
,,8/22/2023,9/17/2023,9/29/2023,482
,,8/17/2023,10/3/2023,11/11/2023,483
,,1/25/2023,3/22/2023,4/21/2023,484
,,11/6/2024,12/19/2024,1/4/2025,485
,,7/17/2023,9/16/2023,10/2/2023,486
,,2/13/2024,3/10/2024,3/30/2024,487
,,12/3/2023,12/4/2023,2/6/2024,488
,,10/13/2023,11/17/2023,11/19/2023,489
,,3/13/2023,5/31/2023,6/2/2023,490
,,10/13/2023,12/8/2023,12/28/2023,491
,,12/26/2023,1/9/2024,2/15/2024,492
,,10/18/2024,11/15/2024,12/12/2024,493
,,6/5/2024,6/19/2024,7/27/2024,494
,,2/14/2024,2/16/2024,4/7/2024,495
,,11/26/2024,12/22/2024,2/8/2025,496
,,7/3/2024,7/10/2024,8/15/2024,497
,,12/6/2023,12/21/2023,1/7/2024,498
,,1/29/2023,3/16/2023,3/22/2023,499
,,4/29/2023,5/17/2023,7/10/2023,500
,,9/25/2023,11/2/2023,12/21/2023,501
,,7/2/2023,8/22/2023,9/4/2023,502
,,8/17/2024,9/11/2024,9/30/2024,503
,,9/29/2023,10/27/2023,12/22/2023,504
,,2/9/2023,2/26/2023,3/20/2023,505
,,4/22/2023,6/5/2023,6/29/2023,506
,,9/2/2024,9/19/2024,10/26/2024,507
,,3/20/2024,4/9/2024,5/1/2024,508
,,12/20/2023,12/24/2023,2/12/2024,509
,,11/18/2023,11/21/2023,12/27/2023,510
,,3/22/2024,4/9/2024,5/31/2024,511
,,9/12/2024,10/16/2024,11/27/2024,512
,,6/7/2024,6/15/2024,8/22/2024,513
,,4/29/2023,6/10/2023,7/7/2023,514
,,1/30/2024,2/5/2024,4/9/2024,515
,,8/13/2024,9/8/2024,11/2/2024,516
,,7/14/2023,9/11/2023,9/15/2023,517
,,9/18/2023,11/16/2023,12/12/2023,518
,,2/15/2023,4/26/2023,4/30/2023,519
,,12/26/2024,1/28/2025,3/2/2025,520
,,3/22/2024,4/13/2024,6/12/2024,521
,,1/2/2023,1/8/2023,2/21/2023,522
,,6/16/2024,6/20/2024,7/21/2024,523
,,7/5/2024,7/16/2024,9/2/2024,524
,,12/4/2024,1/4/2025,2/1/2025,525
,,11/17/2024,11/26/2024,1/9/2025,526
,,7/21/2023,7/24/2023,10/13/2023,527
,,1/8/2024,2/8/2024,3/28/2024,528
,,3/17/2024,4/22/2024,5/25/2024,529
,,3/13/2023,4/13/2023,5/5/2023,530
,,11/11/2024,11/13/2024,12/16/2024,531
,,12/5/2023,1/2/2024,1/23/2024,532
,,9/30/2024,10/4/2024,11/9/2024,533
,,11/18/2023,11/24/2023,1/1/2024,534
,,11/10/2024,12/31/2024,2/1/2025,535
,,5/8/2023,7/13/2023,8/2/2023,536
,,11/4/2023,11/15/2023,12/18/2023,537
,,6/3/2024,6/29/2024,7/10/2024,538
,,11/13/2023,12/28/2023,2/1/2024,539
,,11/13/2024,11/18/2024,1/25/2025,540
,,2/23/2024,3/20/2024,3/29/2024,541
,,12/1/2023,2/7/2024,2/22/2024,542
,,2/17/2024,3/8/2024,4/5/2024,543
,,12/14/2024,1/3/2025,2/14/2025,544
,,10/30/2023,11/11/2023,1/16/2024,545
,,7/21/2024,7/22/2024,10/5/2024,546
,,5/11/2023,5/25/2023,7/5/2023,547
,,7/16/2023,8/22/2023,9/21/2023,548
,,3/6/2024,4/11/2024,4/15/2024,549
,,11/11/2024,11/14/2024,12/23/2024,550
,,1/24/2024,1/30/2024,3/26/2024,551
,,11/24/2024,12/4/2024,2/11/2025,552
,,6/28/2023,7/21/2023,8/1/2023,553
,,9/22/2024,9/24/2024,10/31/2024,554
,,8/5/2024,9/14/2024,9/16/2024,555
,,11/5/2023,11/25/2023,12/6/2023,556
,,2/20/2024,2/25/2024,3/21/2024,557
,,7/15/2024,8/1/2024,8/22/2024,558
,,1/1/2023,1/12/2023,2/8/2023,559
,,11/8/2023,12/2/2023,12/22/2023,560
,,10/21/2023,11/25/2023,12/27/2023,561
,,8/4/2023,9/4/2023,10/2/2023,562
,,3/16/2024,5/24/2024,6/2/2024,563
,,8/16/2024,10/5/2024,11/13/2024,564
,,9/13/2024,9/24/2024,10/26/2024,565
,,11/1/2024,12/5/2024,12/9/2024,566
,,11/26/2023,12/31/2023,1/6/2024,567
,,4/21/2024,4/22/2024,6/24/2024,568
,,3/28/2024,5/31/2024,6/5/2024,569
,,3/28/2024,4/26/2024,5/18/2024,570
,,11/22/2024,12/3/2024,12/29/2024,571
,,8/7/2023,8/21/2023,10/16/2023,572
,,6/7/2024,7/7/2024,9/4/2024,573
,,4/29/2024,5/20/2024,7/2/2024,574
,,6/23/2023,6/28/2023,8/28/2023,575
,,11/5/2024,11/19/2024,12/23/2024,576
,,3/28/2023,4/1/2023,5/22/2023,577
,,10/18/2023,12/2/2023,12/11/2023,578
,,6/11/2024,6/29/2024,8/21/2024,579
,,11/10/2024,12/19/2024,1/18/2025,580
,,10/10/2024,10/24/2024,12/18/2024,581
,,9/26/2024,11/16/2024,11/26/2024,582
,,12/10/2023,1/2/2024,2/15/2024,583
,,4/6/2023,5/9/2023,5/20/2023,584
,,8/29/2023,9/15/2023,10/22/2023,585
,,11/19/2024,1/5/2025,1/20/2025,586
,,11/14/2023,1/19/2024,2/6/2024,587
,,8/19/2023,9/28/2023,10/1/2023,588
,,7/23/2023,9/12/2023,9/30/2023,589
,,5/31/2023,7/21/2023,8/7/2023,590
,,1/26/2023,2/1/2023,3/2/2023,591
,,2/17/2023,2/24/2023,3/21/2023,592
,,9/8/2023,11/19/2023,11/27/2023,593
,,5/1/2024,7/4/2024,7/11/2024,594
,,9/17/2024,10/2/2024,12/7/2024,595
,,3/16/2023,4/14/2023,5/31/2023,596
,,4/11/2024,6/2/2024,6/12/2024,597
,,2/29/2024,4/8/2024,4/28/2024,598
,,10/6/2024,11/11/2024,12/1/2024,599
,,8/12/2024,9/19/2024,10/9/2024,600
,,7/19/2023,8/15/2023,10/13/2023,601
,,12/14/2024,1/16/2025,3/8/2025,602
,,1/29/2024,2/20/2024,3/2/2024,603
,,5/21/2024,5/31/2024,6/21/2024,604
,,2/14/2024,2/24/2024,3/19/2024,605
,,9/7/2023,10/31/2023,11/8/2023,606
,,6/1/2023,6/14/2023,8/7/2023,607
,,11/2/2024,12/19/2024,1/1/2025,608
,,12/5/2024,1/19/2025,2/8/2025,609
,,1/6/2023,2/27/2023,2/28/2023,610
,,4/20/2023,5/5/2023,7/14/2023,611
,,3/11/2024,3/19/2024,5/8/2024,612
,,8/13/2023,9/11/2023,9/16/2023,613
,,6/30/2023,9/6/2023,9/14/2023,614
,,12/13/2024,12/15/2024,1/23/2025,615
,,6/14/2024,7/15/2024,8/9/2024,616
,,4/20/2024,5/26/2024,7/9/2024,617
,,2/21/2023,3/19/2023,4/27/2023,618
,,7/24/2024,8/20/2024,10/4/2024,619
,,9/13/2023,10/3/2023,10/17/2023,620
,,5/5/2023,5/15/2023,6/14/2023,621
,,4/12/2024,5/20/2024,6/20/2024,622
,,5/17/2023,5/25/2023,6/21/2023,623
,,4/20/2024,6/6/2024,6/11/2024,624
,,11/14/2024,12/30/2024,1/8/2025,625
,,6/27/2024,7/9/2024,9/7/2024,626
,,7/26/2024,8/8/2024,9/19/2024,627
,,9/1/2024,11/2/2024,11/9/2024,628
,,11/21/2023,12/16/2023,1/7/2024,629
,,3/29/2024,5/15/2024,5/30/2024,630
,,9/19/2024,11/18/2024,11/27/2024,631
,,5/31/2024,8/7/2024,8/11/2024,632
,,3/12/2024,3/20/2024,4/15/2024,633
,,7/15/2024,8/15/2024,9/24/2024,634
,,4/1/2024,4/10/2024,6/27/2024,635
,,6/12/2023,8/2/2023,9/3/2023,636
,,5/1/2024,5/15/2024,6/28/2024,637
,,4/5/2024,5/16/2024,6/13/2024,638
,,9/23/2023,10/4/2023,11/13/2023,639
,,9/11/2023,9/12/2023,11/2/2023,640
,,10/14/2024,11/4/2024,12/28/2024,641
,,10/11/2023,11/26/2023,12/5/2023,642
,,6/17/2024,8/10/2024,8/21/2024,643
,,5/11/2024,5/12/2024,7/2/2024,644
,,10/3/2024,11/27/2024,12/25/2024,645
,,9/2/2023,10/12/2023,11/21/2023,646
,,10/9/2023,10/30/2023,11/22/2023,647
,,3/26/2024,6/7/2024,6/10/2024,648
,,3/21/2023,3/30/2023,6/11/2023,649
,,12/31/2024,1/26/2025,2/8/2025,650
,,10/20/2023,11/24/2023,12/29/2023,651
,,8/29/2023,9/23/2023,11/18/2023,652
,,10/6/2023,10/17/2023,11/30/2023,653
,,12/10/2023,12/12/2023,2/15/2024,654
,,11/24/2023,12/12/2023,12/30/2023,655
,,7/7/2024,8/10/2024,9/1/2024,656
,,3/24/2023,4/10/2023,5/19/2023,657
,,5/22/2023,7/20/2023,8/2/2023,658
,,6/4/2023,7/25/2023,8/16/2023,659
,,8/25/2023,9/18/2023,11/16/2023,660
,,1/28/2024,2/4/2024,3/22/2024,661
,,12/11/2024,2/19/2025,3/2/2025,662
,,6/6/2023,7/9/2023,8/27/2023,663
,,12/24/2024,1/22/2025,3/12/2025,664
,,8/8/2023,8/30/2023,10/19/2023,665
,,3/7/2023,4/4/2023,5/1/2023,666
,,2/29/2024,4/18/2024,5/18/2024,667
,,2/22/2024,3/10/2024,3/29/2024,668
,,12/5/2023,1/15/2024,1/23/2024,669
,,7/9/2024,7/29/2024,9/25/2024,670
,,4/22/2024,6/24/2024,7/14/2024,671
,,3/1/2024,4/19/2024,5/9/2024,672
,,3/5/2023,3/6/2023,4/10/2023,673
,,7/31/2023,8/13/2023,9/30/2023,674
,,3/6/2024,3/29/2024,5/4/2024,675
,,2/3/2024,3/30/2024,4/23/2024,676
,,8/21/2024,9/22/2024,10/8/2024,677
,,12/13/2024,1/11/2025,2/10/2025,678
,,1/21/2023,3/7/2023,4/9/2023,679
,,8/12/2024,9/11/2024,10/9/2024,680
,,1/25/2024,3/5/2024,3/10/2024,681
,,5/3/2024,5/21/2024,6/20/2024,682
,,1/7/2023,1/21/2023,2/6/2023,683
,,12/27/2023,2/12/2024,3/16/2024,684
,,11/2/2023,1/7/2024,1/20/2024,685
,,2/4/2024,3/13/2024,4/27/2024,686
,,3/5/2024,5/7/2024,5/24/2024,687
,,7/5/2024,7/6/2024,8/7/2024,688
,,7/13/2024,8/11/2024,8/19/2024,689
,,9/9/2024,9/12/2024,12/2/2024,690
,,8/14/2023,8/24/2023,10/14/2023,691
,,5/14/2024,6/2/2024,6/22/2024,692
,,8/13/2023,9/16/2023,10/27/2023,693
,,10/7/2023,1/2/2024,1/4/2024,694
,,3/22/2024,4/23/2024,6/14/2024,695
,,5/12/2024,5/19/2024,7/30/2024,696
,,1/30/2023,2/7/2023,3/29/2023,697
,,2/3/2024,2/28/2024,3/4/2024,698
,,12/11/2023,2/16/2024,3/4/2024,699
,,11/15/2024,12/8/2024,1/7/2025,700
,,11/26/2024,2/6/2025,2/22/2025,701
,,2/19/2024,4/26/2024,5/12/2024,702
,,6/19/2023,6/27/2023,9/7/2023,703
,,4/23/2024,5/28/2024,6/25/2024,704
,,5/11/2023,6/4/2023,7/11/2023,705
,,9/29/2024,10/31/2024,11/11/2024,706
,,6/30/2024,8/15/2024,9/23/2024,707
,,1/28/2023,2/13/2023,4/10/2023,708
,,2/8/2024,2/28/2024,3/12/2024,709
,,8/29/2024,10/22/2024,11/3/2024,710
,,7/31/2024,8/14/2024,9/19/2024,711
,,11/9/2024,1/3/2025,1/8/2025,712
,,1/28/2023,2/4/2023,4/15/2023,713
,,3/27/2023,4/3/2023,5/5/2023,714
,,10/20/2024,11/12/2024,12/21/2024,715
,,3/14/2024,4/2/2024,5/3/2024,716
,,5/19/2023,6/7/2023,8/4/2023,717
,,4/17/2024,5/16/2024,6/21/2024,718
,,7/6/2023,9/26/2023,10/3/2023,719
,,2/21/2023,2/22/2023,3/24/2023,720
,,9/24/2023,12/2/2023,12/9/2023,721
,,1/24/2024,2/4/2024,3/13/2024,722
,,12/2/2023,12/4/2023,2/11/2024,723
,,8/5/2023,8/28/2023,9/6/2023,724
,,4/10/2024,4/22/2024,7/3/2024,725
,,12/1/2023,12/6/2023,1/19/2024,726
,,12/12/2023,1/19/2024,2/16/2024,727
,,1/24/2024,2/2/2024,3/23/2024,728
,,10/12/2023,12/4/2023,12/14/2023,729
,,3/7/2024,3/31/2024,5/19/2024,730
,,9/16/2023,9/26/2023,11/1/2023,731
,,3/25/2023,5/20/2023,5/23/2023,732
,,4/26/2024,7/22/2024,7/23/2024,733
,,1/20/2023,2/6/2023,3/22/2023,734
,,7/6/2024,7/20/2024,9/23/2024,735
,,2/23/2023,2/25/2023,4/2/2023,736
,,12/25/2023,1/19/2024,3/8/2024,737
,,8/18/2023,9/9/2023,10/25/2023,738
,,10/27/2024,10/31/2024,1/7/2025,739
,,3/12/2023,4/10/2023,5/6/2023,740
,,10/29/2024,12/5/2024,1/11/2025,741
,,2/11/2023,2/17/2023,3/23/2023,742
,,2/1/2023,2/22/2023,3/20/2023,743
,,9/11/2023,10/22/2023,11/21/2023,744
,,7/24/2023,8/27/2023,9/29/2023,745
,,1/21/2023,2/27/2023,3/8/2023,746
,,9/28/2024,11/5/2024,11/21/2024,747
,,6/6/2023,8/21/2023,9/1/2023,748
,,9/2/2023,10/14/2023,10/24/2023,749
,,5/10/2023,5/31/2023,6/30/2023,750
,,4/29/2024,5/30/2024,6/24/2024,751
,,11/16/2024,12/13/2024,12/21/2024,752
,,4/28/2023,5/10/2023,7/6/2023,753
,,7/31/2024,9/22/2024,10/13/2024,754
,,8/12/2023,8/22/2023,9/17/2023,755
,,4/21/2024,5/8/2024,7/4/2024,756
,,12/17/2024,1/7/2025,2/10/2025,757
,,9/20/2023,11/5/2023,11/16/2023,758
,,1/13/2024,2/10/2024,2/13/2024,759
,,6/21/2023,8/25/2023,9/12/2023,760
,,9/12/2024,11/4/2024,12/1/2024,761
,,9/13/2024,11/3/2024,11/17/2024,762
,,4/28/2023,5/27/2023,6/22/2023,763
,,6/17/2023,6/28/2023,8/6/2023,764
,,11/15/2023,11/26/2023,1/23/2024,765
,,4/21/2023,6/9/2023,6/25/2023,766
,,8/15/2024,9/23/2024,11/11/2024,767
,,1/27/2023,3/22/2023,4/6/2023,768
,,11/16/2023,1/10/2024,1/18/2024,769
,,8/12/2024,9/5/2024,10/27/2024,770
,,11/24/2024,12/16/2024,2/15/2025,771
,,1/20/2024,2/22/2024,2/23/2024,772
,,2/11/2024,3/18/2024,5/8/2024,773
,,7/23/2023,8/12/2023,10/7/2023,774
,,3/19/2023,4/23/2023,5/6/2023,775
,,8/29/2024,10/30/2024,11/18/2024,776
,,12/8/2024,2/19/2025,3/6/2025,777
,,10/4/2024,10/6/2024,11/28/2024,778
,,9/6/2023,11/18/2023,11/27/2023,779
,,4/15/2023,5/2/2023,5/23/2023,780
,,12/14/2024,1/8/2025,1/13/2025,781
,,11/5/2023,12/17/2023,1/16/2024,782
,,12/1/2024,1/9/2025,1/24/2025,783
,,9/6/2024,9/9/2024,11/9/2024,784
,,5/4/2023,6/17/2023,7/22/2023,785
,,8/2/2024,8/14/2024,10/21/2024,786
,,2/12/2023,3/21/2023,4/1/2023,787
,,12/22/2023,2/19/2024,3/4/2024,788
,,6/29/2024,8/17/2024,9/25/2024,789
,,3/14/2024,3/24/2024,4/29/2024,790
,,11/8/2024,1/2/2025,2/2/2025,791
,,1/15/2024,3/2/2024,4/2/2024,792
,,3/12/2023,3/28/2023,4/22/2023,793
,,6/2/2024,6/21/2024,7/25/2024,794
,,10/25/2024,11/25/2024,12/1/2024,795
,,12/16/2023,1/2/2024,2/4/2024,796
,,1/13/2023,2/19/2023,3/6/2023,797
,,3/6/2024,5/25/2024,5/28/2024,798
,,5/16/2024,5/24/2024,6/20/2024,799
,,4/19/2023,5/7/2023,6/12/2023,800
,,3/19/2024,3/31/2024,5/12/2024,801
,,1/6/2024,2/1/2024,2/19/2024,802
,,10/12/2024,11/7/2024,12/21/2024,803
,,4/15/2024,5/17/2024,6/30/2024,804
,,12/25/2024,1/10/2025,2/2/2025,805
,,6/6/2023,6/23/2023,7/12/2023,806
,,3/21/2024,4/16/2024,5/12/2024,807
,,6/30/2023,7/22/2023,8/19/2023,808
,,6/18/2024,6/25/2024,9/13/2024,809
,,10/28/2024,11/12/2024,12/10/2024,810
,,10/4/2023,10/11/2023,12/25/2023,811
,,9/22/2024,9/30/2024,10/30/2024,812
,,7/5/2024,9/2/2024,9/22/2024,813
,,5/10/2024,6/8/2024,7/1/2024,814
,,4/21/2024,5/22/2024,6/7/2024,815
,,3/22/2024,5/13/2024,5/20/2024,816
,,8/29/2024,9/16/2024,11/5/2024,817
,,10/2/2023,10/19/2023,12/29/2023,818
,,11/27/2023,12/28/2023,1/9/2024,819
,,9/9/2023,10/14/2023,11/1/2023,820
,,3/30/2023,5/29/2023,6/11/2023,821
,,10/13/2023,10/16/2023,12/26/2023,822
,,4/6/2024,5/19/2024,6/11/2024,823
,,9/7/2023,11/1/2023,11/15/2023,824
,,4/20/2024,6/3/2024,6/11/2024,825
,,8/6/2024,8/21/2024,10/13/2024,826
,,9/16/2024,9/20/2024,12/10/2024,827
,,11/15/2024,12/7/2024,1/12/2025,828
,,1/24/2024,2/6/2024,3/18/2024,829
,,12/11/2023,1/13/2024,1/27/2024,830
,,1/30/2023,3/13/2023,3/16/2023,831
,,5/21/2024,7/26/2024,8/2/2024,832
,,11/29/2023,1/10/2024,2/21/2024,833
,,7/6/2023,8/5/2023,9/7/2023,834
,,5/14/2024,5/27/2024,8/10/2024,835
,,8/6/2023,8/24/2023,9/17/2023,836
,,12/30/2023,1/31/2024,2/29/2024,837
,,9/22/2023,11/20/2023,11/25/2023,838
,,12/15/2023,1/30/2024,2/21/2024,839
,,10/14/2023,11/12/2023,1/3/2024,840
,,9/2/2024,11/3/2024,11/19/2024,841
,,12/19/2024,2/14/2025,3/11/2025,842
,,10/10/2023,11/23/2023,11/24/2023,843
,,7/23/2024,8/2/2024,10/7/2024,844
,,1/11/2023,2/5/2023,3/11/2023,845
,,6/13/2024,6/18/2024,8/20/2024,846
,,7/15/2023,8/1/2023,8/14/2023,847
,,3/29/2023,4/11/2023,4/30/2023,848
,,9/5/2023,10/5/2023,10/18/2023,849
,,2/21/2024,4/29/2024,5/10/2024,850
,,5/15/2024,6/21/2024,7/1/2024,851
,,7/22/2024,9/8/2024,9/14/2024,852
,,9/4/2023,9/25/2023,10/4/2023,853
,,12/8/2024,2/19/2025,2/21/2025,854
,,5/2/2024,5/26/2024,6/15/2024,855
,,10/23/2024,11/4/2024,11/25/2024,856
,,12/29/2024,2/4/2025,3/27/2025,857
,,5/17/2024,6/29/2024,7/22/2024,858
,,4/3/2024,6/12/2024,7/1/2024,859
,,1/18/2023,3/15/2023,3/27/2023,860
,,4/6/2023,4/17/2023,6/20/2023,861
,,10/29/2023,12/2/2023,12/10/2023,862
,,8/15/2023,8/22/2023,10/8/2023,863
,,2/19/2024,2/23/2024,5/10/2024,864
,,12/9/2024,2/19/2025,3/7/2025,865
,,9/7/2023,10/6/2023,10/26/2023,866
,,11/10/2023,1/23/2024,2/1/2024,867
,,11/10/2024,1/6/2025,1/21/2025,868
,,8/18/2024,9/28/2024,10/12/2024,869
,,1/13/2024,1/16/2024,3/31/2024,870
,,4/29/2024,5/5/2024,7/23/2024,871
,,7/20/2024,7/25/2024,8/23/2024,872
,,6/27/2024,8/13/2024,9/18/2024,873
,,12/19/2023,2/6/2024,2/9/2024,874
,,3/11/2024,4/15/2024,4/18/2024,875
,,7/17/2024,8/28/2024,9/4/2024,876
,,12/5/2023,1/24/2024,2/7/2024,877
,,12/27/2023,1/13/2024,2/12/2024,878
,,12/20/2024,12/23/2024,2/11/2025,879
,,4/9/2024,5/14/2024,6/9/2024,880
,,10/5/2023,10/18/2023,12/11/2023,881
,,11/10/2023,1/22/2024,2/3/2024,882
,,9/15/2023,9/29/2023,10/18/2023,883
,,8/25/2023,9/5/2023,10/30/2023,884
,,5/4/2023,6/29/2023,7/13/2023,885
,,7/17/2023,8/13/2023,8/18/2023,886
,,11/20/2023,12/19/2023,1/16/2024,887
,,5/3/2023,5/6/2023,6/10/2023,888
,,7/2/2024,8/5/2024,8/25/2024,889
,,12/7/2024,12/16/2024,1/17/2025,890
,,7/9/2023,8/18/2023,8/22/2023,891
,,7/16/2023,7/21/2023,9/8/2023,892
,,8/10/2023,9/13/2023,9/19/2023,893
,,5/10/2024,5/25/2024,7/2/2024,894
,,10/11/2023,10/16/2023,12/17/2023,895
,,8/26/2024,9/13/2024,11/11/2024,896
,,6/21/2024,7/4/2024,7/26/2024,897
,,9/3/2024,9/8/2024,10/30/2024,898
,,10/17/2023,11/3/2023,11/28/2023,899
,,4/13/2023,5/23/2023,7/1/2023,900
,,7/18/2023,9/18/2023,9/30/2023,901
,,10/31/2023,12/21/2023,12/28/2023,902
,,8/21/2023,10/27/2023,11/16/2023,903
,,1/5/2024,2/14/2024,3/30/2024,904
,,7/3/2023,8/12/2023,9/4/2023,905
,,11/6/2023,11/19/2023,1/1/2024,906
,,1/15/2023,2/17/2023,3/30/2023,907
,,12/26/2024,1/19/2025,1/30/2025,908
,,6/30/2024,7/16/2024,8/17/2024,909
,,5/10/2023,7/8/2023,7/18/2023,910
,,10/8/2023,11/25/2023,1/4/2024,911
,,2/16/2023,3/1/2023,4/27/2023,912
,,2/25/2023,4/11/2023,5/8/2023,913
,,7/20/2024,9/11/2024,9/12/2024,914
,,10/27/2023,12/29/2023,1/6/2024,915
,,12/15/2024,1/22/2025,2/9/2025,916
,,5/10/2023,5/17/2023,8/7/2023,917
,,10/15/2024,11/15/2024,11/18/2024,918
,,5/17/2024,6/28/2024,7/8/2024,919
,,4/16/2023,5/18/2023,5/25/2023,920
,,1/13/2023,3/7/2023,3/26/2023,921
,,8/10/2024,9/18/2024,10/8/2024,922
,,10/19/2023,11/6/2023,12/18/2023,923
,,4/25/2024,4/27/2024,6/29/2024,924
,,5/5/2024,5/18/2024,6/17/2024,925
,,3/27/2024,4/8/2024,5/24/2024,926
,,12/15/2023,2/19/2024,2/21/2024,927
,,7/8/2023,7/21/2023,9/7/2023,928
,,2/22/2023,3/21/2023,5/8/2023,929
,,9/16/2023,10/3/2023,12/3/2023,930
,,5/4/2024,7/3/2024,7/12/2024,931
,,4/27/2023,6/11/2023,6/19/2023,932
,,3/8/2023,4/25/2023,5/11/2023,933
,,2/15/2024,3/5/2024,3/21/2024,934
,,5/18/2024,5/25/2024,7/16/2024,935
,,3/17/2023,4/18/2023,4/25/2023,936
,,8/13/2024,9/10/2024,10/15/2024,937
,,10/6/2024,12/24/2024,1/3/2025,938
,,12/3/2024,1/9/2025,1/31/2025,939
,,2/24/2023,3/18/2023,4/23/2023,940
,,6/5/2023,6/25/2023,7/8/2023,941
,,6/2/2023,7/8/2023,8/2/2023,942
,,7/30/2024,10/6/2024,10/17/2024,943
,,11/8/2023,11/25/2023,1/3/2024,944
,,3/29/2023,4/20/2023,5/9/2023,945
,,9/12/2023,9/22/2023,10/28/2023,946
,,5/2/2023,7/6/2023,7/24/2023,947
,,7/25/2024,8/20/2024,9/14/2024,948
,,3/2/2024,5/23/2024,5/26/2024,949
,,9/12/2024,9/26/2024,11/30/2024,950
,,9/2/2024,10/1/2024,11/17/2024,951
,,9/25/2024,10/31/2024,11/5/2024,952
,,8/20/2023,10/11/2023,11/16/2023,953
,,6/19/2024,6/26/2024,7/30/2024,954
,,1/25/2024,2/5/2024,3/23/2024,955
,,4/6/2024,4/12/2024,6/7/2024,956
,,3/29/2024,4/30/2024,6/13/2024,957
,,11/1/2023,1/15/2024,1/20/2024,958
,,8/25/2024,9/20/2024,11/20/2024,959
,,3/15/2024,4/30/2024,5/17/2024,960
,,11/9/2023,12/8/2023,1/11/2024,961
,,8/5/2024,8/22/2024,9/7/2024,962
,,9/27/2024,10/10/2024,11/30/2024,963
,,3/3/2023,4/11/2023,5/12/2023,964
,,9/16/2024,10/15/2024,10/30/2024,965
,,4/12/2023,4/23/2023,6/9/2023,966
,,8/1/2023,9/2/2023,10/21/2023,967
,,10/2/2024,10/17/2024,11/2/2024,968
,,8/5/2023,8/25/2023,9/17/2023,969
,,9/28/2023,10/9/2023,11/18/2023,970
,,11/7/2024,11/10/2024,1/2/2025,971
,,3/25/2023,5/8/2023,5/10/2023,972
,,6/10/2023,7/1/2023,9/3/2023,973
,,9/3/2023,11/1/2023,11/18/2023,974
,,6/27/2023,7/3/2023,8/15/2023,975
,,7/19/2024,7/24/2024,9/5/2024,976
,,3/18/2023,4/14/2023,4/19/2023,977
,,6/10/2023,7/6/2023,7/10/2023,978
,,1/3/2023,2/10/2023,4/2/2023,979
,,2/23/2024,3/28/2024,4/7/2024,980
,,4/6/2024,5/25/2024,6/9/2024,981
,,12/6/2024,12/30/2024,1/29/2025,982
,,8/31/2024,9/18/2024,10/11/2024,983
,,4/26/2024,5/12/2024,6/9/2024,984
,,10/26/2023,11/3/2023,12/21/2023,985
,,2/3/2023,3/21/2023,5/3/2023,986
,,8/26/2023,9/12/2023,10/19/2023,987
,,10/23/2023,12/15/2023,12/20/2023,988
,,12/24/2024,1/8/2025,1/30/2025,989
,,10/17/2023,12/2/2023,12/12/2023,990
,,12/20/2024,3/1/2025,3/9/2025,991
,,4/9/2024,5/8/2024,5/11/2024,992
,,3/14/2023,5/6/2023,5/26/2023,993
,,12/4/2024,12/7/2024,1/26/2025,994
,,8/28/2023,10/13/2023,10/16/2023,995
,,9/28/2023,10/23/2023,11/11/2023,996
,,10/2/2024,10/16/2024,11/30/2024,997
,,8/26/2024,9/12/2024,10/1/2024,998
,,11/8/2024,11/17/2024,1/20/2025,999
,,7/22/2023,9/8/2023,9/27/2023,1000
,,3/11/2024,5/10/2024,6/5/2024,1001
,,4/28/2023,4/30/2023,6/18/2023,1002
,,7/11/2024,7/19/2024,9/2/2024,1003
,,8/19/2023,9/1/2023,9/28/2023,1004
,,10/25/2024,11/2/2024,12/10/2024,1005
,,6/2/2023,6/20/2023,7/22/2023,1006
,,9/30/2023,10/18/2023,11/28/2023,1007
,,5/26/2023,7/3/2023,8/9/2023,1008
,,3/15/2023,3/26/2023,5/15/2023,1009
,,3/3/2023,4/5/2023,5/16/2023,1010
,,6/19/2023,7/30/2023,9/16/2023,1011
,,11/11/2023,11/22/2023,12/18/2023,1012
,,9/1/2024,9/25/2024,10/22/2024,1013
,,8/5/2024,8/22/2024,10/14/2024,1014
,,10/23/2023,11/24/2023,12/3/2023,1015
,,3/25/2024,4/10/2024,5/8/2024,1016
,,5/8/2023,5/28/2023,7/30/2023,1017
,,4/24/2024,5/4/2024,6/25/2024,1018
,,12/6/2024,1/7/2025,2/13/2025,1019
,,11/8/2023,11/10/2023,1/26/2024,1020
,,12/17/2024,1/19/2025,2/17/2025,1021
,,2/17/2024,3/18/2024,4/27/2024,1022
,,10/6/2023,10/19/2023,12/7/2023,1023
,,5/27/2024,6/22/2024,8/16/2024,1024
,,7/6/2024,8/14/2024,8/26/2024,1025
,,5/20/2024,5/26/2024,6/20/2024,1026
,,3/24/2024,5/9/2024,5/31/2024,1027
,,3/24/2023,4/8/2023,6/19/2023,1028
,,9/4/2024,10/16/2024,11/6/2024,1029
,,2/10/2023,3/26/2023,5/5/2023,1030
,,3/18/2024,6/1/2024,6/4/2024,1031
,,11/27/2023,12/24/2023,12/29/2023,1032
,,9/10/2024,9/19/2024,10/15/2024,1033
,,9/14/2023,9/23/2023,10/19/2023,1034
,,1/27/2023,2/28/2023,4/5/2023,1035
,,4/4/2023,4/12/2023,6/13/2023,1036
,,8/23/2023,9/20/2023,9/29/2023,1037
,,11/21/2024,1/7/2025,1/9/2025,1038
,,8/12/2024,8/19/2024,11/8/2024,1039
,,8/24/2024,9/13/2024,10/3/2024,1040
,,1/22/2023,1/26/2023,3/8/2023,1041
,,11/19/2024,12/11/2024,12/24/2024,1042
,,10/3/2023,10/6/2023,11/27/2023,1043
,,8/13/2024,10/12/2024,10/22/2024,1044
,,2/11/2023,2/25/2023,4/23/2023,1045
,,6/29/2023,7/17/2023,8/8/2023,1046
,,4/26/2024,5/8/2024,7/18/2024,1047
,,6/15/2024,6/27/2024,8/6/2024,1048
,,10/29/2024,11/23/2024,12/10/2024,1049
,,3/28/2024,4/16/2024,6/10/2024,1050
,,10/12/2023,11/26/2023,1/4/2024,1051
,,7/5/2023,8/3/2023,8/11/2023,1052
,,8/22/2024,10/14/2024,11/14/2024,1053
,,3/22/2024,4/23/2024,6/14/2024,1054
,,10/12/2024,11/25/2024,12/31/2024,1055
,,5/18/2024,5/24/2024,7/4/2024,1056
,,4/4/2023,4/23/2023,5/21/2023,1057
,,4/26/2024,6/2/2024,6/16/2024,1058
,,12/23/2023,2/17/2024,2/22/2024,1059
,,2/23/2024,4/22/2024,5/3/2024,1060
,,12/8/2023,1/5/2024,1/9/2024,1061
,,11/25/2023,12/30/2023,1/3/2024,1062
,,11/17/2024,1/10/2025,1/14/2025,1063
,,4/18/2023,5/21/2023,6/1/2023,1064
,,6/14/2023,6/26/2023,7/20/2023,1065
,,12/4/2023,1/4/2024,2/20/2024,1066
,,2/26/2024,4/27/2024,5/23/2024,1067
,,12/11/2024,12/31/2024,2/2/2025,1068
,,5/22/2024,5/26/2024,7/27/2024,1069
,,10/23/2023,12/6/2023,12/19/2023,1070
,,11/9/2024,12/3/2024,12/28/2024,1071
,,2/15/2024,4/4/2024,5/4/2024,1072
,,7/17/2024,8/22/2024,10/5/2024,1073
,,2/7/2023,4/14/2023,5/5/2023,1074
,,4/10/2024,5/14/2024,5/24/2024,1075
,,4/1/2023,4/7/2023,6/5/2023,1076
,,11/19/2023,12/31/2023,1/26/2024,1077
,,9/16/2023,11/13/2023,12/5/2023,1078
,,11/28/2023,12/10/2023,2/19/2024,1079
,,4/29/2023,5/12/2023,5/31/2023,1080
,,2/18/2024,3/29/2024,4/5/2024,1081
,,6/10/2024,6/25/2024,7/30/2024,1082
,,1/2/2023,2/6/2023,3/5/2023,1083
,,11/4/2024,11/12/2024,12/29/2024,1084
,,7/9/2024,8/26/2024,9/12/2024,1085
,,4/18/2024,5/11/2024,6/16/2024,1086
,,2/28/2024,4/12/2024,5/9/2024,1087
,,2/25/2023,3/11/2023,4/9/2023,1088
,,7/12/2023,8/4/2023,8/12/2023,1089
,,6/14/2024,7/22/2024,8/19/2024,1090
,,1/6/2024,2/16/2024,3/20/2024,1091
,,9/29/2024,11/28/2024,12/21/2024,1092
,,5/25/2024,6/8/2024,8/9/2024,1093
,,10/2/2024,12/25/2024,12/26/2024,1094
,,3/28/2024,4/4/2024,4/28/2024,1095
,,2/22/2023,3/11/2023,3/29/2023,1096
,,7/28/2023,8/25/2023,10/24/2023,1097
,,10/1/2023,10/4/2023,11/1/2023,1098
,,7/16/2024,7/21/2024,9/20/2024,1099
,,5/15/2023,5/23/2023,6/14/2023,1100
